section,question,weight (1-5),vendor A score (0-3),vendor B score (0-3),vendor C score (0-3),notes
"1. Operational profile","1. What unit of work actually moves through the building?",,,,,
"1. Operational profile","2. What are the real daily and peak volumes?",,,,,
"1. Operational profile","3. How many inventory states matter operationally?",,,,,
"1. Operational profile","4. What operating models must coexist?",,,,,
"1. Operational profile","5. Which parts of the operation cannot stop during a system problem?",,,,,
"2. Receiving and putaway","6. Can the WMS receive against a PO, ASN, transfer, return, and unexpected receipt?",,,,,
"2. Receiving and putaway","7. What happens when the quantity, SKU, lot, serial, or packaging received does not match the expected record?",,,,,
"2. Receiving and putaway","8. Can receiving capture lot, expiration, serial, condition, and handling-unit information at the point it becomes known?",,,,,
"2. Receiving and putaway","9. Can putaway rules consider capacity, product characteristics, velocity, temperature zone, compatibility, customer ownership, and existing stock?",,,,,
"2. Receiving and putaway","10. Can an operator override a suggested putaway, and does the system record who changed it and why?",,,,,
"3. Inventory control","11. At what level can inventory be identified?",,,,,
"3. Inventory control","12. Can inventory be moved, split, merged, repacked, and relabeled without losing history?",,,,,
"3. Inventory control","13. What events can automatically trigger a cycle count?",,,,,
"3. Inventory control","14. Can counting rules differ by SKU, velocity, value, customer, location, or risk?",,,,,
"3. Inventory control","15. Can the system explain an inventory discrepancy through transaction history without requiring someone to reconstruct it from database queries?",,,,,
"4. Replenishment and slotting","16. Can replenishment be triggered by minimum quantity, projected demand, released work, or another operational condition?",,,,,
"4. Replenishment and slotting","17. Can the WMS distinguish planned replenishment from emergency replenishment created by an active shortage?",,,,,
"4. Replenishment and slotting","18. Can reserve stock be prioritized by lot, age, distance, pallet condition, or handling constraints?",,,,,
"4. Replenishment and slotting","19. What happens when the preferred reserve location does not contain what the system thinks it contains?",,,,,
"4. Replenishment and slotting","20. Can slotting recommendations use actual demand and movement data without forcing the warehouse to accept every recommendation automatically?",,,,,
"5. Picking, packing, and shipping","21. Which picking methods are supported for your real order profile?",,,,,
"5. Picking, packing, and shipping","22. How does the system prioritize work when customer priority, carrier cutoff, trailer status, and normal release logic conflict?",,,,,
"5. Picking, packing, and shipping","23. What happens after a short pick?",,,,,
"5. Picking, packing, and shipping","24. Can packout validate item, quantity, container, customer rules, documents, and carrier requirements before shipment confirmation?",,,,,
"5. Picking, packing, and shipping","25. What exactly causes inventory ownership and order status to change when the shipment is confirmed?",,,,,
"6. Exceptions, returns, and traceability","26. Can damaged inventory be isolated immediately without creating a fake location or manual spreadsheet?",,,,,
"6. Exceptions, returns, and traceability","27. Can returned inventory move through configurable disposition states such as inspect, restock, refurbish, quarantine, and scrap?",,,,,
"6. Exceptions, returns, and traceability","28. Can supervisors see unresolved warehouse exceptions in one queue with owner, age, severity, and required next action?",,,,,
"6. Exceptions, returns, and traceability","29. Can the system trace product backward and forward across receipts, locations, handling units, lots, and shipments?",,,,,
"6. Exceptions, returns, and traceability","30. Can a recall or hold isolate only the affected inventory while allowing unrelated inventory to continue moving?",,,,,
"7. Integrations, data, and automation","31. Which system owns each master record?",,,,,
"7. Integrations, data, and automation","32. Which integrations are synchronous, asynchronous, batch, or file-based, and what business event does each one represent?",,,,,
"7. Integrations, data, and automation","33. What happens when an upstream or downstream system is unavailable?",,,,,
"7. Integrations, data, and automation","34. Can integration failures be seen and replayed by an authorized operations or IT user without vendor intervention?",,,,,
"7. Integrations, data, and automation","35. Can the WMS expose the operational events needed by your reporting, automation, and AI layers without direct database hacks?",,,,,
"8. Operator interface, devices, and floor reliability","36. How many scans or taps does the common task require?",,,,,
"8. Operator interface, devices, and floor reliability","37. Can RF, mobile, or browser workflows work on the devices the operation will actually deploy?",,,,,
"8. Operator interface, devices, and floor reliability","38. Are prompts understandable without memorizing internal system codes?",,,,,
"8. Operator interface, devices, and floor reliability","39. What happens when Wi-Fi drops, a scanner disconnects, or a session expires in the middle of a transaction?",,,,,
"8. Operator interface, devices, and floor reliability","40. Can an interrupted task resume safely without losing work, double-posting inventory, or forcing a supervisor to repair the transaction?",,,,,
"9. Security, permissions, and operational control","41. Can roles separate routine execution, exception approval, configuration, inventory adjustment, and system administration?",,,,,
"9. Security, permissions, and operational control","42. Can sensitive actions require a reason code, second approval, or threshold-based escalation?",,,,,
"9. Security, permissions, and operational control","43. Does the audit trail show the original value, new value, user, device, time, and related business transaction?",,,,,
"9. Security, permissions, and operational control","44. How are temporary labor, shared devices, service accounts, and vendor support access provisioned and removed?",,,,,
"9. Security, permissions, and operational control","45. Can the operation continue safely during planned maintenance, degraded service, and disaster recovery, and has that recovery been tested?",,,,,
"10. Reporting, implementation, and total cost","46. Can operational reporting distinguish backlog, active work, blocked work, exceptions, and completed work using transaction-level data?",,,,,
"10. Reporting, implementation, and total cost","47. What data must be cleansed, mapped, converted, or archived before go-live, and who owns each decision?",,,,,
"10. Reporting, implementation, and total cost","48. How will the vendor prove configuration, integrations, devices, labels, performance, security, and exception handling before cutover?",,,,,
"10. Reporting, implementation, and total cost","49. What support model applies during implementation, hypercare, peak season, upgrades, and a production incident?",,,,,
"10. Reporting, implementation, and total cost","50. What is the five-year total cost, including licensing, implementation, integrations, data conversion, devices, labels, testing, training, travel, support, upgrades, internal labor, and change requests?",,,,,
